period,year,month,hot_days_lower,hot_days_upper
2006-2015,2006,1,0,0
2006-2015,2006,2,0,0
2006-2015,2006,3,0,0
2006-2015,2006,4,0,0
2006-2015,2006,5,0,0
2006-2015,2006,6,1,1
2006-2015,2006,7,7,7
2006-2015,2006,8,24,24
2006-2015,2006,9,1,1
2006-2015,2006,10,0,0
2006-2015,2006,11,0,0
2006-2015,2006,12,0,0
2006-2015,2007,1,0,0
2006-2015,2007,2,0,0
2006-2015,2007,3,0,0
2006-2015,2007,4,0,0
2006-2015,2007,5,2,2
2006-2015,2007,6,1,1
2006-2015,2007,7,8,8
2006-2015,2007,8,19,19
2006-2015,2007,9,4,4
2006-2015,2007,10,0,0
2006-2015,2007,11,0,0
2006-2015,2007,12,0,0
2006-2015,2008,1,0,0
2006-2015,2008,2,0,0
2006-2015,2008,3,0,0
2006-2015,2008,4,0,0
2006-2015,2008,5,2,2
2006-2015,2008,6,1,1
2006-2015,2008,7,20,20
2006-2015,2008,8,18,18
2006-2015,2008,9,7,7
2006-2015,2008,10,0,0
2006-2015,2008,11,0,0
2006-2015,2008,12,0,0
2006-2015,2009,1,0,0
2006-2015,2009,2,0,0
2006-2015,2009,3,0,0
2006-2015,2009,4,0,0
2006-2015,2009,5,1,1
2006-2015,2009,6,3,3
2006-2015,2009,7,5,5
2006-2015,2009,8,11,11
2006-2015,2009,9,2,2
2006-2015,2009,10,0,0
2006-2015,2009,11,0,0
2006-2015,2009,12,0,0
2006-2015,2010,1,0,0
2006-2015,2010,2,0,0
2006-2015,2010,3,0,0
2006-2015,2010,4,0,0
2006-2015,2010,5,0,0
2006-2015,2010,6,2,2
2006-2015,2010,7,16,16
2006-2015,2010,8,24,24
2006-2015,2010,9,11,11
2006-2015,2010,10,0,0
2006-2015,2010,11,0,0
2006-2015,2010,12,0,0
2006-2015,2011,1,0,0
2006-2015,2011,2,0,0
2006-2015,2011,3,0,0
2006-2015,2011,4,0,0
2006-2015,2011,5,0,0
2006-2015,2011,6,1,1
2006-2015,2011,7,12,12
2006-2015,2011,8,11,11
2006-2015,2011,9,5,5
2006-2015,2011,10,0,0
2006-2015,2011,11,0,0
2006-2015,2011,12,0,0
2006-2015,2012,1,0,0
2006-2015,2012,2,0,0
2006-2015,2012,3,0,0
2006-2015,2012,4,0,0
2006-2015,2012,5,1,1
2006-2015,2012,6,1,1
2006-2015,2012,7,13,13
2006-2015,2012,8,23,23
2006-2015,2012,9,1,1
2006-2015,2012,10,0,0
2006-2015,2012,11,0,0
2006-2015,2012,12,0,0
2006-2015,2013,1,0,0
2006-2015,2013,2,0,0
2006-2015,2013,3,0,0
2006-2015,2013,4,0,0
2006-2015,2013,5,1,1
2006-2015,2013,6,3,3
2006-2015,2013,7,20,20
2006-2015,2013,8,27,27
2006-2015,2013,9,6,6
2006-2015,2013,10,0,0
2006-2015,2013,11,0,0
2006-2015,2013,12,0,0
2006-2015,2014,1,0,0
2006-2015,2014,2,0,0
2006-2015,2014,3,0,0
2006-2015,2014,4,0,0
2006-2015,2014,5,2,2
2006-2015,2014,6,4,4
2006-2015,2014,7,16,16
2006-2015,2014,8,6,6
2006-2015,2014,9,1,1
2006-2015,2014,10,0,0
2006-2015,2014,11,0,0
2006-2015,2014,12,0,0
2006-2015,2015,1,0,0
2006-2015,2015,2,0,0
2006-2015,2015,3,0,0
2006-2015,2015,4,0,0
2006-2015,2015,5,2,2
2006-2015,2015,6,1,1
2006-2015,2015,7,8,8
2006-2015,2015,8,17,17
2006-2015,2015,9,0,0
2006-2015,2015,10,0,0
2006-2015,2015,11,0,0
2006-2015,2015,12,0,0
2016-2025,2016,1,0,0
2016-2025,2016,2,0,0
2016-2025,2016,3,0,0
2016-2025,2016,4,0,0
2016-2025,2016,5,2,2
2016-2025,2016,6,3,3
2016-2025,2016,7,18,18
2016-2025,2016,8,26,26
2016-2025,2016,9,1,1
2016-2025,2016,10,0,0
2016-2025,2016,11,0,0
2016-2025,2016,12,0,0
2016-2025,2017,1,0,0
2016-2025,2017,2,0,0
2016-2025,2017,3,0,0
2016-2025,2017,4,0,0
2016-2025,2017,5,4,4
2016-2025,2017,6,6,6
2016-2025,2017,7,23,23
2016-2025,2017,8,24,24
2016-2025,2017,9,3,3
2016-2025,2017,10,0,0
2016-2025,2017,11,0,0
2016-2025,2017,12,0,0
2016-2025,2018,1,0,0
2016-2025,2018,2,0,0
2016-2025,2018,3,0,0
2016-2025,2018,4,0,0
2016-2025,2018,5,0,0
2016-2025,2018,6,7,7
2016-2025,2018,7,22,22
2016-2025,2018,8,23,23
2016-2025,2018,9,1,1
2016-2025,2018,10,0,0
2016-2025,2018,11,0,0
2016-2025,2018,12,0,0
2016-2025,2019,1,0,0
2016-2025,2019,2,0,0
2016-2025,2019,3,0,0
2016-2025,2019,4,0,0
2016-2025,2019,5,1,1
2016-2025,2019,6,2,2
2016-2025,2019,7,10,10
2016-2025,2019,8,20,20
2016-2025,2019,9,6,6
2016-2025,2019,10,0,0
2016-2025,2019,11,0,0
2016-2025,2019,12,0,0
2016-2025,2020,1,0,0
2016-2025,2020,2,0,0
2016-2025,2020,3,0,0
2016-2025,2020,4,0,0
2016-2025,2020,5,0,0
2016-2025,2020,6,10,10
2016-2025,2020,7,2,2
2016-2025,2020,8,24,24
2016-2025,2020,9,2,2
2016-2025,2020,10,0,0
2016-2025,2020,11,0,0
2016-2025,2020,12,0,0
2016-2025,2021,1,0,0
2016-2025,2021,2,0,0
2016-2025,2021,3,0,0
2016-2025,2021,4,0,0
2016-2025,2021,5,0,0
2016-2025,2021,6,3,3
2016-2025,2021,7,21,21
2016-2025,2021,8,18,18
2016-2025,2021,9,2,2
2016-2025,2021,10,1,1
2016-2025,2021,11,0,0
2016-2025,2021,12,0,0
2016-2025,2022,1,0,0
2016-2025,2022,2,0,0
2016-2025,2022,3,0,0
2016-2025,2022,4,0,0
2016-2025,2022,5,5,5
2016-2025,2022,6,2,2
2016-2025,2022,7,25,25
2016-2025,2022,8,17,17
2016-2025,2022,9,4,4
2016-2025,2022,10,1,1
2016-2025,2022,11,0,0
2016-2025,2022,12,0,0
2016-2025,2023,1,0,0
2016-2025,2023,2,0,0
2016-2025,2023,3,0,0
2016-2025,2023,4,0,0
2016-2025,2023,5,0,0
2016-2025,2023,6,6,6
2016-2025,2023,7,13,13
2016-2025,2023,8,22,22
2016-2025,2023,9,8,8
2016-2025,2023,10,0,0
2016-2025,2023,11,0,0
2016-2025,2023,12,0,0
2016-2025,2024,1,0,0
2016-2025,2024,2,0,0
2016-2025,2024,3,0,0
2016-2025,2024,4,0,0
2016-2025,2024,5,3,3
2016-2025,2024,6,9,9
2016-2025,2024,7,16,16
2016-2025,2024,8,30,30
2016-2025,2024,9,20,20
2016-2025,2024,10,0,0
2016-2025,2024,11,0,0
2016-2025,2024,12,0,0
2016-2025,2025,1,0,1
2016-2025,2025,2,0,0
2016-2025,2025,3,0,0
2016-2025,2025,4,0,0
2016-2025,2025,5,0,0
2016-2025,2025,6,5,5
2016-2025,2025,7,26,26
2016-2025,2025,8,27,27
2016-2025,2025,9,13,13
2016-2025,2025,10,0,0
2016-2025,2025,11,0,0
2016-2025,2025,12,0,0
